Algorithm,F1_Score,Accuracy,Precision,Recall,Processing_Time,TP,FP,TN,FN
DIVA,1.0,1.0,1.0,1.0,0.0,8,0,35,0
DRAMBR,1.0,1.0,1.0,1.0,0.23131728172302246,8,0,35,0
PlexeMDS,1.0,1.0,1.0,1.0,1.0440502166748047,8,0,35,0
StaticReputation,0.0,0.813953488372093,0.0,0.0,0.01800704002380371,0,0,35,8
MajorityVoting,1.0,1.0,1.0,1.0,0.08177590370178223,8,0,35,0
NoTrustFusion,0.0,0.813953488372093,0.0,0.0,0.015999555587768555,0,0,35,8
EnhancedDRAMBR,1.0,1.0,1.0,1.0,69.97940373420715,8,0,35,0
